-- MySQL dump 10.13  Distrib 8.0.38, for Win64 (x86_64)
--
-- Host: localhost    Database: simulado
-- ------------------------------------------------------
-- Server version	8.0.39

/*!40101 SET @OLD_CHARACTER_SET_CLIENT=@@CHARACTER_SET_CLIENT */;
/*!40101 SET @OLD_CHARACTER_SET_RESULTS=@@CHARACTER_SET_RESULTS */;
/*!40101 SET @OLD_COLLATION_CONNECTION=@@COLLATION_CONNECTION */;
/*!50503 SET NAMES utf8 */;
/*!40103 SET @OLD_TIME_ZONE=@@TIME_ZONE */;
/*!40103 SET TIME_ZONE='+00:00' */;
/*!40014 SET @OLD_UNIQUE_CHECKS=@@UNIQUE_CHECKS, UNIQUE_CHECKS=0 */;
/*!40014 SET @OLD_FOREIGN_KEY_CHECKS=@@FOREIGN_KEY_CHECKS, FOREIGN_KEY_CHECKS=0 */;
/*!40101 SET @OLD_SQL_MODE=@@SQL_MODE, SQL_MODE='NO_AUTO_VALUE_ON_ZERO' */;
/*!40111 SET @OLD_SQL_NOTES=@@SQL_NOTES, SQL_NOTES=0 */;

--
-- Table structure for table `comentario`
--

DROP TABLE IF EXISTS `comentario`;
/*!40101 SET @saved_cs_client     = @@character_set_client */;
/*!50503 SET character_set_client = utf8mb4 */;
CREATE TABLE `comentario` (
  `id_comentario` int NOT NULL AUTO_INCREMENT,
  `mensagem` text NOT NULL,
  `id_curso` int NOT NULL,
  `id` int NOT NULL,
  PRIMARY KEY (`id_comentario`),
  KEY `id_curso` (`id_curso`),
  KEY `id` (`id`),
  CONSTRAINT `comentario_ibfk_1` FOREIGN KEY (`id_curso`) REFERENCES `curso` (`id_curso`) ON DELETE CASCADE,
  CONSTRAINT `comentario_ibfk_2` FOREIGN KEY (`id`) REFERENCES `usuario` (`id`) ON DELETE CASCADE
) ENGINE=InnoDB AUTO_INCREMENT=15 DEFAULT CHARSET=utf8mb4 COLLATE=utf8mb4_0900_ai_ci;
/*!40101 SET character_set_client = @saved_cs_client */;

--
-- Dumping data for table `comentario`
--

LOCK TABLES `comentario` WRITE;
/*!40000 ALTER TABLE `comentario` DISABLE KEYS */;
INSERT INTO `comentario` VALUES (6,'curso incrivell!!!',1,2),(10,'curso mais bem detalhado que fiz, ta sensacional a grade!',2,2),(11,'IA é a coisa mais inteligente! amei!',1,1),(12,'DESIGN CALHOU MUITOOOO! AMO PHOTOSHOP AGORA!!! I LOVE ',3,1),(13,'ELETROMECANICA É TUDOOOOO',2,1),(14,'meu curso dos sonhos, sempre me dediquei por isso #melhorcursodoSenai',3,3);
/*!40000 ALTER TABLE `comentario` ENABLE KEYS */;
UNLOCK TABLES;

--
-- Table structure for table `curso`
--

DROP TABLE IF EXISTS `curso`;
/*!40101 SET @saved_cs_client     = @@character_set_client */;
/*!50503 SET character_set_client = utf8mb4 */;
CREATE TABLE `curso` (
  `id_curso` int NOT NULL AUTO_INCREMENT,
  `foto` text,
  `nome_curso` text,
  `instituicao` text,
  `empresa_id` int DEFAULT NULL,
  PRIMARY KEY (`id_curso`)
) ENGINE=InnoDB AUTO_INCREMENT=4 DEFAULT CHARSET=utf8mb4 COLLATE=utf8mb4_0900_ai_ci;
/*!40101 SET character_set_client = @saved_cs_client */;

--
-- Dumping data for table `curso`
--

LOCK TABLES `curso` WRITE;
/*!40000 ALTER TABLE `curso` DISABLE KEYS */;
INSERT INTO `curso` VALUES (1,'curso01.png','Inteligencia Artificial',' SENAI-MG',1),(2,'curso02.png','Eletromecânica','SENAI-RJ',1),(3,'curso03.png','Design Gráfico','SENAI-ES',1);
/*!40000 ALTER TABLE `curso` ENABLE KEYS */;
UNLOCK TABLES;

--
-- Table structure for table `empresa`
--

DROP TABLE IF EXISTS `empresa`;
/*!40101 SET @saved_cs_client     = @@character_set_client */;
/*!50503 SET character_set_client = utf8mb4 */;
CREATE TABLE `empresa` (
  `id_empresa` int NOT NULL AUTO_INCREMENT,
  `nome` text,
  `logo` text,
  PRIMARY KEY (`id_empresa`)
) ENGINE=InnoDB AUTO_INCREMENT=2 DEFAULT CHARSET=utf8mb4 COLLATE=utf8mb4_0900_ai_ci;
/*!40101 SET character_set_client = @saved_cs_client */;

--
-- Dumping data for table `empresa`
--

LOCK TABLES `empresa` WRITE;
/*!40000 ALTER TABLE `empresa` DISABLE KEYS */;
INSERT INTO `empresa` VALUES (1,'FaculHub','logo_faculhub.png');
/*!40000 ALTER TABLE `empresa` ENABLE KEYS */;
UNLOCK TABLES;

--
-- Table structure for table `inscricao`
--

DROP TABLE IF EXISTS `inscricao`;
/*!40101 SET @saved_cs_client     = @@character_set_client */;
/*!50503 SET character_set_client = utf8mb4 */;
CREATE TABLE `inscricao` (
  `id_inscricao` int NOT NULL AUTO_INCREMENT,
  `id` int NOT NULL,
  `id_curso` int NOT NULL,
  PRIMARY KEY (`id_inscricao`),
  KEY `id` (`id`),
  KEY `id_curso` (`id_curso`),
  CONSTRAINT `inscricao_ibfk_1` FOREIGN KEY (`id`) REFERENCES `usuario` (`id`) ON DELETE CASCADE,
  CONSTRAINT `inscricao_ibfk_2` FOREIGN KEY (`id_curso`) REFERENCES `curso` (`id_curso`) ON DELETE CASCADE
) ENGINE=InnoDB AUTO_INCREMENT=7 DEFAULT CHARSET=utf8mb4 COLLATE=utf8mb4_0900_ai_ci;
/*!40101 SET character_set_client = @saved_cs_client */;

--
-- Dumping data for table `inscricao`
--

LOCK TABLES `inscricao` WRITE;
/*!40000 ALTER TABLE `inscricao` DISABLE KEYS */;
INSERT INTO `inscricao` VALUES (1,1,1),(2,2,2),(3,2,1),(4,1,2),(5,2,3),(6,3,1);
/*!40000 ALTER TABLE `inscricao` ENABLE KEYS */;
UNLOCK TABLES;

--
-- Table structure for table `usuario`
--

DROP TABLE IF EXISTS `usuario`;
/*!40101 SET @saved_cs_client     = @@character_set_client */;
/*!50503 SET character_set_client = utf8mb4 */;
CREATE TABLE `usuario` (
  `id` int NOT NULL AUTO_INCREMENT,
  `nome` text,
  `email` text,
  `nickname` text,
  `senha` int DEFAULT NULL,
  `foto` text,
  `createdAt` text,
  `updatedAt` text,
  PRIMARY KEY (`id`)
) ENGINE=InnoDB AUTO_INCREMENT=4 DEFAULT CHARSET=utf8mb4 COLLATE=utf8mb4_0900_ai_ci;
/*!40101 SET character_set_client = @saved_cs_client */;

--
-- Dumping data for table `usuario`
--

LOCK TABLES `usuario` WRITE;
/*!40000 ALTER TABLE `usuario` DISABLE KEYS */;
INSERT INTO `usuario` VALUES (1,'marianavasco','marivasco@usuario.com','marianavasco',123456,'mari_vasco.jpg','2023-06-22 09:13:55','2023-06-22 09:14:55'),(2,'ramielcunha','ramiel@usuario.com','ramielcunha',654321,'ramiel_cunha.jpg','2023-02-22 09:13:55','2023-02-22 09:13:58'),(3,'billjobs','iwindows@usuario.com','billjobs',987654,'bill_jobs.jpg','2023-08-22 09:13:55','2023-08-22 09:15:55');
/*!40000 ALTER TABLE `usuario` ENABLE KEYS */;
UNLOCK TABLES;
/*!40103 SET TIME_ZONE=@OLD_TIME_ZONE */;

/*!40101 SET SQL_MODE=@OLD_SQL_MODE */;
/*!40014 SET FOREIGN_KEY_CHECKS=@OLD_FOREIGN_KEY_CHECKS */;
/*!40014 SET UNIQUE_CHECKS=@OLD_UNIQUE_CHECKS */;
/*!40101 SET CHARACTER_SET_CLIENT=@OLD_CHARACTER_SET_CLIENT */;
/*!40101 SET CHARACTER_SET_RESULTS=@OLD_CHARACTER_SET_RESULTS */;
/*!40101 SET COLLATION_CONNECTION=@OLD_COLLATION_CONNECTION */;
/*!40111 SET SQL_NOTES=@OLD_SQL_NOTES */;

-- Dump completed on 2024-11-21 16:55:08
